{
  "accuracy": 0.7527777777777778,
  "macro_f1": 0.7415607985480943,
  "precision_contradiction": 0.9333333333333333,
  "precision_entailment": 0.6784313725490196,
  "recall_contradiction": 0.5444444444444444,
  "recall_entailment": 0.9611111111111111,
  "confusion_matrix": [
    [
      98,
      82
    ],
    [
      7,
      173
    ]
  ],
  "sample_count": 360,
  "comparison_subset_size": 360
}