{
  "accuracy": 0.65,
  "macro_f1": 0.6436651583710407,
  "precision_contradiction": 0.6274509803921569,
  "precision_entailment": 0.5942028985507246,
  "recall_contradiction": 0.5333333333333333,
  "recall_entailment": 0.6833333333333333,
  "confusion_matrix": [
    [
      96,
      84
    ],
    [
      57,
      123
    ]
  ],
  "macro_f1_ci": [
    0.555834904672114,
    0.6538819196355228
  ],
  "tau": 0.2810723529239396
}