{
  "accuracy": 0.7158671586715867,
  "macro_f1": 0.7158516823944333,
  "precision_contradiction": 0.9607843137254902,
  "precision_entailment": 0.5680473372781065,
  "recall_contradiction": 0.5730994152046783,
  "recall_entailment": 0.96,
  "confusion_matrix": [
    [
      196,
      146
    ],
    [
      8,
      192
    ]
  ],
  "sample_count": 542,
  "comparison_subset_size": 542
}