{
  "accuracy": 0.6436950146627566,
  "macro_f1": 0.643675862558294,
  "precision_contradiction": 0.6303030303030303,
  "precision_entailment": 0.6214689265536724,
  "recall_contradiction": 0.6081871345029239,
  "recall_entailment": 0.6432748538011696,
  "confusion_matrix": [
    [
      208,
      134
    ],
    [
      122,
      220
    ]
  ],
  "macro_f1_ci": [
    0.5913207670995133,
    0.6580537452862738
  ],
  "tau": 0.2906531470654598
}